{"cameraMode":{"drawMode":0,"name":"Shaded","section":"Shading Mode"},"sceneLighting":false,"audioPlay":false,"sceneViewState":{"m_AlwaysRefresh":false,"showFog":false,"showSkybox":false,"showFlares":false,"showImageEffects":false,"showParticleSystems":false,"showVisualEffectGraphs":true,"m_FxEnabled":true},"in2DMode":false,"pivot":{"x":-0.775393009185791,"y":1.7410643100738526,"z":-0.11359012126922608},"rotation":{"x":-0.0047570038586854939,"y":0.9812666177749634,"z":-0.19105881452560426,"w":-0.024438990280032159},"size":2.2915828227996828,"orthographic":false}