{"cameraMode":{"drawMode":0,"name":"Shaded","section":"Shading Mode"},"sceneLighting":false,"audioPlay":false,"sceneViewState":{"m_AlwaysRefresh":false,"showFog":true,"showSkybox":false,"showFlares":true,"showImageEffects":true,"showParticleSystems":true,"showVisualEffectGraphs":true,"m_FxEnabled":true},"in2DMode":false,"pivot":{"x":-5.520172119140625,"y":18.752899169921876,"z":11.271409034729004},"rotation":{"x":0.03088863007724285,"y":0.19514121115207673,"z":-0.006148879416286945,"w":0.9802699685096741},"size":1.5354727506637574,"orthographic":false}