{"cameraMode":{"drawMode":0,"name":"Shaded","section":"Shading Mode"},"sceneLighting":false,"audioPlay":false,"sceneViewState":{"m_AlwaysRefresh":false,"showFog":true,"showSkybox":false,"showFlares":true,"showImageEffects":true,"showParticleSystems":true,"showVisualEffectGraphs":true,"m_FxEnabled":true},"in2DMode":false,"pivot":{"x":-10.937956809997559,"y":1.8593581914901734,"z":6.613121509552002},"rotation":{"x":0.0030895303934812547,"y":0.9958981871604919,"z":-0.0823485404253006,"w":0.037363793700933459},"size":1.9456219673156739,"orthographic":false}